{
  "section_types": {
    "mast": {
      "count": 41,
      "common_dimensions": [
        [
          [
            1352,
            278
          ],
          3
        ],
        [
          [
            1350,
            278
          ],
          2
        ],
        [
          [
            1354,
            274
          ],
          2
        ],
        [
          [
            1346,
            272
          ],
          2
        ],
        [
          [
            1358,
            282
          ],
          2
        ]
      ],
      "common_aspect_ratios": [
        [
          4.86,
          5
        ],
        [
          4.95,
          4
        ],
        [
          4.82,
          4
        ]
      ],
      "avg_area": 373146.53658536583,
      "size_range": {
        "min_area": 352652,
        "max_area": 411008
      }
    },
    "shop_the_look": {
      "count": 94,
      "common_dimensions": [
        [
          [
            332,
            332
          ],
          3
        ],
        [
          [
            330,
            340
          ],
          2
        ],
        [
          [
            330,
            330
          ],
          2
        ],
        [
          [
            334,
            336
          ],
          2
        ],
        [
          [
            330,
            342
          ],
          2
        ]
      ],
      "common_aspect_ratios": [
        [
          0.99,
          10
        ],
        [
          1.01,
          10
        ],
        [
          1.0,
          9
        ]
      ],
      "avg_area": 401749.10638297873,
      "size_range": {
        "min_area": 75116,
        "max_area": 1293248
      }
    },
    "section_heading": {
      "count": 281,
      "common_dimensions": [
        [
          [
            1334,
            108
          ],
          3
        ],
        [
          [
            1324,
            124
          ],
          3
        ],
        [
          [
            1334,
            116
          ],
          2
        ],
        [
          [
            1326,
            106
          ],
          2
        ],
        [
          [
            1338,
            104
          ],
          2
        ]
      ],
      "common_aspect_ratios": [
        [
          10.5,
          3
        ],
        [
          13.92,
          3
        ],
        [
          12.35,
          3
        ]
      ],
      "avg_area": 164104.71886120996,
      "size_range": {
        "min_area": 67700,
        "max_area": 526952
      }
    },
    "category_carousel": {
      "count": 44,
      "common_dimensions": [
        [
          [
            1352,
            254
          ],
          2
        ],
        [
          [
            1340,
            202
          ],
          1
        ],
        [
          [
            1320,
            318
          ],
          1
        ],
        [
          [
            394,
            362
          ],
          1
        ],
        [
          [
            372,
            364
          ],
          1
        ]
      ],
      "common_aspect_ratios": [
        [
          5.32,
          3
        ],
        [
          1.09,
          2
        ],
        [
          5.59,
          2
        ]
      ],
      "avg_area": 278469.8181818182,
      "size_range": {
        "min_area": 70104,
        "max_area": 505400
      }
    },
    "product_selector": {
      "count": 31,
      "common_dimensions": [
        [
          [
            1338,
            386
          ],
          1
        ],
        [
          [
            1334,
            484
          ],
          1
        ],
        [
          [
            1348,
            426
          ],
          1
        ],
        [
          [
            1330,
            430
          ],
          1
        ],
        [
          [
            1342,
            470
          ],
          1
        ]
      ],
      "common_aspect_ratios": [
        [
          3.16,
          2
        ],
        [
          3.47,
          1
        ],
        [
          2.76,
          1
        ]
      ],
      "avg_area": 658643.7419354839,
      "size_range": {
        "min_area": 496296,
        "max_area": 992016
      }
    },
    "linkout_image": {
      "count": 231,
      "common_dimensions": [
        [
          [
            332,
            336
          ],
          5
        ],
        [
          [
            332,
            324
          ],
          4
        ],
        [
          [
            328,
            340
          ],
          3
        ],
        [
          [
            666,
            334
          ],
          3
        ],
        [
          [
            334,
            338
          ],
          3
        ]
      ],
      "common_aspect_ratios": [
        [
          0.99,
          29
        ],
        [
          1.01,
          20
        ],
        [
          1.02,
          18
        ]
      ],
      "avg_area": 217475.1341991342,
      "size_range": {
        "min_area": 44084,
        "max_area": 1193496
      }
    },
    "static_image": {
      "count": 231,
      "common_dimensions": [
        [
          [
            306,
            326
          ],
          2
        ],
        [
          [
            1330,
            756
          ],
          1
        ],
        [
          [
            668,
            672
          ],
          1
        ],
        [
          [
            1342,
            774
          ],
          1
        ],
        [
          [
            654,
            590
          ],
          1
        ]
      ],
      "common_aspect_ratios": [
        [
          1.01,
          11
        ],
        [
          0.99,
          8
        ],
        [
          1.0,
          7
        ]
      ],
      "avg_area": 353116.8658008658,
      "size_range": {
        "min_area": 34528,
        "max_area": 2515674
      }
    },
    "reels": {
      "count": 37,
      "common_dimensions": [
        [
          [
            1328,
            562
          ],
          1
        ],
        [
          [
            1350,
            564
          ],
          1
        ],
        [
          [
            1310,
            508
          ],
          1
        ],
        [
          [
            1300,
            504
          ],
          1
        ],
        [
          [
            1340,
            566
          ],
          1
        ]
      ],
      "common_aspect_ratios": [
        [
          2.36,
          3
        ],
        [
          2.37,
          3
        ],
        [
          2.39,
          2
        ]
      ],
      "avg_area": 726999.9459459459,
      "size_range": {
        "min_area": 607464,
        "max_area": 875052
      }
    },
    "testimonial": {
      "count": 123,
      "common_dimensions": [
        [
          [
            332,
            338
          ],
          3
        ],
        [
          [
            334,
            338
          ],
          2
        ],
        [
          [
            358,
            358
          ],
          2
        ],
        [
          [
            668,
            334
          ],
          2
        ],
        [
          [
            326,
            336
          ],
          2
        ]
      ],
      "common_aspect_ratios": [
        [
          0.98,
          12
        ],
        [
          0.99,
          11
        ],
        [
          1.02,
          8
        ]
      ],
      "avg_area": 113741.8861788618,
      "size_range": {
        "min_area": 38528,
        "max_area": 437580
      }
    },
    "asin_waterfall": {
      "count": 40,