{
  "section_types": {
    "mast": {
      "count": 15,
      "common_dimensions": [
        [
          [
            1346,
            272
          ],
          2
        ],
        [
          [
            1350,
            272
          ],
          2
        ],
        [
          [
            1358,
            294
          ],
          1
        ],
        [
          [
            1346,
            262
          ],
          1
        ],
        [
          [
            1348,
            282
          ],
          1
        ]
      ],
      "common_aspect_ratios": [
        [
          4.95,
          2
        ],
        [
          4.93,
          2
        ],
        [
          4.96,
          2
        ]
      ],
      "avg_area": 371609.86666666664,
      "size_range": {
        "min_area": 352652,
        "max_area": 411008
      }
    },
    "navigation": {
      "count": 15,
      "common_dimensions": [
        [
          [
            1358,
            86
          ],
          2
        ],
        [
          [
            1360,
            58
          ],
          1
        ],
        [
          [
            1348,
            80
          ],
          1
        ],
        [
          [
            1348,
            86
          ],
          1
        ],
        [
          [
            1346,
            92
          ],
          1
        ]
      ],
      "common_aspect_ratios": [
        [
          15.79,
          2
        ],
        [
          23.45,
          1
        ],
        [
          16.85,
          1
        ]
      ],
      "avg_area": 111571.46666666666,
      "size_range": {
        "min_area": 78880,
        "max_area": 130368
      }
    },
    "section_heading": {
      "count": 104,
      "common_dimensions": [
        [
          [
            1324,
            126
          ],
          2
        ],
        [
          [
            1332,
            108
          ],
          2
        ],
        [
          [
            1324,
            124
          ],
          2
        ],
        [
          [
            1342,
            332
          ],
          1
        ],
        [
          [
            1338,
            342
          ],
          1
        ]
      ],
      "common_aspect_ratios": [
        [
          13.92,
          2
        ],
        [
          10.51,
          2
        ],
        [
          12.33,
          2
        ]
      ],
      "avg_area": 188396.76923076922,
      "size_range": {
        "min_area": 82832,
        "max_area": 526952
      }
    },
    "static_image": {
      "count": 65,
      "common_dimensions": [
        [
          [
            306,
            326
          ],
          2
        ],
        [
          [
            664,
            320
          ],
          1
        ],
        [
          [
            664,
            334
          ],
          1
        ],
        [
          [
            668,
            330
          ],
          1
        ],
        [
          [
            664,
            340
          ],
          1
        ]
      ],
      "common_aspect_ratios": [
        [
          0.94,
          3
        ],
        [
          2.08,
          2
        ],
        [
          1.99,
          2
        ]
      ],
      "avg_area": 333161.07692307694,
      "size_range": {
        "min_area": 39184,
        "max_area": 1504436
      }
    },
    "hero": {
      "count": 5,
      "common_dimensions": [
        [
          [
            1348,
            672
          ],
          1
        ],
        [
          [
            1336,
            338
          ],
          1
        ],
        [
          [
            1340,
            782
          ],
          1
        ],
        [
          [
            1362,
            538
          ],
          1
        ],
        [
          [
            1324,
            854
          ],
          1
        ]
      ],
      "common_aspect_ratios": [
        [
          2.01,
          1
        ],
        [
          3.95,
          1
        ],
        [
          1.71,
          1
        ]
      ],
      "avg_area": 853751.2,
      "size_range": {
        "min_area": 451568,
        "max_area": 1130696
      }
    },
    "shop_the_look": {
      "count": 35,
      "common_dimensions": [
        [
          [
            1324,
            664
          ],
          2
        ],
        [
          [
            660,
            656
          ],
          1
        ],
        [
          [
            660,
            660
          ],
          1
        ],
        [
          [
            654,
            666
          ],
          1
        ],
        [
          [
            332,
            324
          ],
          1
        ]
      ],
      "common_aspect_ratios": [
        [
          1.99,
          5
        ],
        [
          2.01,
          4
        ],
        [
          1.04,
          3
        ]
      ],
      "avg_area": 401927.2,
      "size_range": {
        "min_area": 75116,
        "max_area": 899116
      }
    },
    "text_block": {
      "count": 17,
      "common_dimensions": [
        [
          [
            1326,
            356
          ],
          1
        ],
        [
          [
            670,
            334
          ],
          1
        ],
        [
          [
            660,
            330
          ],
          1
        ],
        [
          [
            656,
            654
          ],
          1
        ],
        [
          [
            662,
            664
          ],
          1
        ]
      ],
      "common_aspect_ratios": [
        [
          1.0,
          2
        ],
        [
          3.72,
          1
        ],
        [
          2.01,
          1
        ]
      ],
      "avg_area": 242794.82352941178,
      "size_range": {
        "min_area": 55800,
        "max_area": 693532
      }
    },
    "video": {
      "count": 14,
      "common_dimensions": [
        [
          [
            660,
            316
          ],
          1
        ],
        [
          [
            1346,
            670
          ],
          1
        ],
        [
          [
            1328,
            744
          ],
          1
        ],
        [
          [
            1344,
            746
          ],
          1
        ],
        [
          [
            1332,
            748
          ],
          1
        ]
      ],
      "common_aspect_ratios": [
        [
          2.01,
          2
        ],
        [
          1.78,
          2
        ],
        [
          1.99,
          2
        ]
      ],
      "avg_area": 886864.8571428572,
      "size_range": {
        "min_area": 208560,
        "max_area": 1010016
      }
    },
    "before_after": {
      "count": 3,
      "common_dimensions": [
        [
          [
            1318,
            1319
          ],
          1
        ],
        [
          [
            1346,
            570
          ],
          1
        ],
        [
          [
            1380,
            472
          ],
          1
        ]
      ],
      "common_aspect_ratios": [
        [
          1.0,
          1
        ],
        [
          2.36,
          1
        ],
        [
          2.92,
          1
        ]
      ],
      "avg_area": 1052340.6666666667,
      "size_range": {
        "min_area": 651360,
        "max_area": 1738442
      }
    },
    "testimonial": {
      "count": 47,